Workbook

Sheet Summary
B2: DBM City Integration — Phased Build Cost
B3: Wave 1: Dallas (Accela). Wave 2: Flower Mound (eTRAKiT/Shovels). Wave 3: Houston (legacy ILMS).
B4: Cost per wave at solo/founder rate. Switch rate via the Rates sheet to see other scenarios.
B6: Wave | C6: Hours | D6: Eng cost | E6: +Design/QA/PM | F6: +Contingency | G6: +Hard share (= Wave total)
B7: Wave 1 — Dallas (Accela) | C7: ='Wave Hours'!C13 -> 368 | D7: ='Wave Hours'!C13*Rates!C6 -> 18400 | E7: =D7*(1+Rates!C14+Rates!C15+Rates!C16) -> 26680 | F7: =E7*(1+Rates!C17) -> 32016 | G7: =F7+Rates!C39*0.5 -> 35116
B8: Wave 2 — Flower Mound | C8: ='Wave Hours'!D13 -> 160 | D8: ='Wave Hours'!D13*Rates!C6 -> 8000 | E8: =D8*(1+Rates!C14+Rates!C15+Rates!C16) -> 11600 | F8: =E8*(1+Rates!C18) -> 15080 | G8: =F8+Rates!C39*0.25 -> 16630
B9: Wave 3 — Houston (ILMS) | C9: ='Wave Hours'!E13 -> 268 | D9: ='Wave Hours'!E13*Rates!C6 -> 13400 | E9: =D9*(1+Rates!C14+Rates!C15+Rates!C16) -> 19430 | F9: =E9*(1+Rates!C19) -> 27202 | G9: =F9+Rates!C39*0.25 -> 28752
B10: ALL WAVES (v1 total, solo rate) | C10: =SUM(C7:C9) -> 796 | D10: =SUM(D7:D9) -> 39800 | E10: =SUM(E7:E9) -> 57710 | F10: =SUM(F7:F9) -> 74298 | G10: =SUM(G7:G9) -> 80498
B12: Total v1 build by rate scenario
B13: Scenario | C13: $/hr | D13: W1 cost | E13: W2 cost | F13: W3 cost | G13: Total v1
B14: Solo / founder-built (you + AI) | C14: =Rates!C6 -> 50 | D14: ='Wave Hours'!C13*Rates!C6*(1+Rates!C14+Rates!C15+Rates!C16)*(1+Rates!C17)+Rates!C39*0.5 -> 35116 | E14: ='Wave Hours'!D13*Rates!C6*(1+Rates!C14+Rates!C15+Rates!C16)*(1+Rates!C18)+Rates!C39*0.25 -> 16630 | F14: ='Wave Hours'!E13*Rates!C6*(1+Rates!C14+Rates!C15+Rates!C16)*(1+Rates!C19)+Rates!C39*0.25 -> 28752 | G14: =D14+E14+F14 -> 80498
B15: Offshore agency | C15: =Rates!C7 -> 40 | D15: ='Wave Hours'!C13*Rates!C7*(1+Rates!C14+Rates!C15+Rates!C16)*(1+Rates!C17)+Rates!C39*0.5 -> 28712.8 | E15: ='Wave Hours'!D13*Rates!C7*(1+Rates!C14+Rates!C15+Rates!C16)*(1+Rates!C18)+Rates!C39*0.25 -> 13614 | F15: ='Wave Hours'!E13*Rates!C7*(1+Rates!C14+Rates!C15+Rates!C16)*(1+Rates!C19)+Rates!C39*0.25 -> 23311.6 | G15: =D15+E15+F15 -> 65638.4
B16: US contractor / boutique | C16: =Rates!C8 -> 110 | D16: ='Wave Hours'!C13*Rates!C8*(1+Rates!C14+Rates!C15+Rates!C16)*(1+Rates!C17)+Rates!C39*0.5 -> 73535.2 | E16: ='Wave Hours'!D13*Rates!C8*(1+Rates!C14+Rates!C15+Rates!C16)*(1+Rates!C18)+Rates!C39*0.25 -> 34726 | F16: ='Wave Hours'!E13*Rates!C8*(1+Rates!C14+Rates!C15+Rates!C16)*(1+Rates!C19)+Rates!C39*0.25 -> 61394.4 | G16: =D16+E16+F16 -> 169655.6
B17: US FTE blended | C17: =Rates!C9 -> 140 | D17: ='Wave Hours'!C13*Rates!C9*(1+Rates!C14+Rates!C15+Rates!C16)*(1+Rates!C17)+Rates!C39*0.5 -> 92744.8 | E17: ='Wave Hours'!D13*Rates!C9*(1+Rates!C14+Rates!C15+Rates!C16)*(1+Rates!C18)+Rates!C39*0.25 -> 43774 | F17: ='Wave Hours'!E13*Rates!C9*(1+Rates!C14+Rates!C15+Rates!C16)*(1+Rates!C19)+Rates!C39*0.25 -> 77715.6 | G17: =D17+E17+F17 -> 214234.4
B20: Year 1 total at solo rate (build + Y1 vendor opex)
B21: One-time v1 build (solo, all 3 waves) | D21: =G7+G8+G9 -> 80498
B22: Year 1 vendor opex | D22: =Rates!C31 -> 24288
B23: Year 1 total (solo) | D23: =D21+D22 -> 104786
B25: Calendar time (solo @ ~30 hrs/week)
B26: Wave 1 — Dallas | C26: ='Wave Hours'!C13/30 -> 12.266667 | D26: weeks (~4 weeks with agents in parallel)
B27: Wave 2 — Flower Mound | C27: ='Wave Hours'!D13/30 -> 5.3333333 | D27: weeks (~3 weeks with agents in parallel)
B28: Wave 3 — Houston | C28: ='Wave Hours'!E13/30 -> 8.9333333 | D28: weeks (~5–6 weeks with agents in parallel)
B30: Scale-out after v1 (marginal cost per additional city)
B31: Next-city tier | C31: Cities | D31: Avg hrs | E31: Eng cost @ solo | F31: Notes
B32: Another Accela city (FW, Arlington) | C32: 5 | D32: 32 | E32: =C32*D32*Rates!C6 -> 8000 | F32: Adapter exists; config + smoke + amendments only.
B33: Another eTRAKiT city (Plano, Frisco) | C33: 5 | D33: 40 | E33: =C33*D33*Rates!C6 -> 10000 | F33: Reuse Flower Mound adapter.
B34: Another ILMS-style legacy portal | C34: 3 | D34: 100 | E34: =C34*D34*Rates!C6 -> 15000 | F34: Different HTML each time.
B35: Brand-new vendor | C35: 3 | D35: 120 | E35: =C35*D35*Rates!C6 -> 18000 | F35: Discovery + new adapter + tests.
B38: Scope notes
B39: Wave 1 — Dallas | C39: Accela Construct API. Builds the schema, adapter interface, code framework, ops console. Roughly half the build sits here because it's the foundation.
B40: Wave 2 — Flower Mound | C40: Shovels.ai if it covers — verified in Discovery. Otherwise eTRAKiT portal automation. Reuses everything from Wave 1.
B41: Wave 3 — Houston | C41: Legacy ILMS portal automation + Houston code amendments. No zoning rules (Houston has none). Highest contingency (40%).
B42: In v1 scope | C42: Permit lookup (read-only) + code/rules lookup. Admin console, smoke tests, 3-city support.
B43: Out of v1 | C43: Electronic permit filing (write). Inspection scheduling. Mobile-app surfaces. Cities beyond Dallas/FM/Houston. SOC 2.
B44: Vendor opex | C44: Shown on Rates sheet — does not roll into build cost. Year 1 total includes it.

Sheet Rates
B2: Blended Rates ($/hour)
B3: Same scenarios as DBM_Build_Cost.xlsx. Edit to flex the model.
B5: Scenario | C5: Blended $/hr | D5: Notes
B6: Solo / founder-built (you + AI agents) | C6: 50 | D6: Your time × AI subagent throughput.
B7: Offshore agency | C7: 40 | D7: India / LATAM senior+mid blend.
B8: US contractor / boutique | C8: 110 | D8: US senior contractor + mid.
B9: US FTE blended | C9: 140 | D9: Loaded annual / 1800 productive hrs.
B12: Multipliers (applied on top of engineering cost)
B13: Item | C13: Value | D13: Notes
B14: Design % of build | C14: 0.1 | D14: Light — admin/ops UI mostly.
B15: QA % of build | C15: 0.25 | D15: Heavier — integration testing per city.
B16: PM / coordination % | C16: 0.1 | D16: Vendor coordination.
B17: Wave 1 contingency % | C17: 0.2 | D17: Dallas — Accela has docs, lower risk.
B18: Wave 2 contingency % | C18: 0.3 | D18: Flower Mound — vendor-gated, moderate risk.
B19: Wave 3 contingency % | C19: 0.4 | D19: Houston — legacy ILMS, high risk of surprises.
B22: Vendor & recurring cost (annual, opex — not in build total)
B23: Vendor | C23: $/yr | D23: Notes
B24: Shovels.ai API (self-serve) | C24: 7188 | D24: $599/mo × 12. Only $ if it covers FM/Houston.
B25: Accela Developer Construct API (read) | C25: 0 | D25: Free for citizen-scope reads (Dallas).
B26: ICC Code Connect API (impl. + content) | C26: 12000 | D26: Placeholder; ICC requires quote.
B27: UpCodes Pro reference seat | C27: 600 | D27: $50/mo; verification only.
B28: Browserless / portal automation infra | C28: 900 | D28: Cloud headless browsers for FM + Houston portals.
B29: Address normalization (Smarty/USPS) | C29: 600 | D29: Dedupe addresses across vendors/cities.
B30: Ongoing portal-automation maintenance | C30: 3000 | D30: Houston ILMS especially; budget ~$250/mo.
B31: Subtotal — Year 1 vendor opex | C31: =SUM(C24:C30) -> 24288
B33: One-time hard costs
B34: Item | C34: $ | D34: Notes
B35: Legal review (ToS, vendor MSAs, DPAs) | C35: 1800 | D35: Accela, Shovels, eTRAKiT scrape, UpCodes ToS.
B36: Insurance bump (E&O for data accuracy) | C36: 800 | D36: Code-rule advice exposure.
B37: Pilot user incentives | C37: 600 | D37: $200 × 3 friendly users (1 per city).
B38: ICC initial implementation fee (one-time) | C38: 3000 | D38: Placeholder; ICC quote needed.
B39: Subtotal — One-time hard costs | C39: =SUM(C35:C38) -> 6200

Sheet Wave Hours
B2: Agent Hours by Wave
B3: Three phased waves: Dallas → Flower Mound → Houston. Schema/code/ops costs concentrate in Wave 1.
B5: Agent | C5: Wave 1 — Dallas | D5: Wave 2 — Flower Mound | E5: Wave 3 — Houston | F5: Total hrs | G5: Notes
B6: Orchestrator (you) | C6: 32 | D6: 16 | E6: 24 | F6: =C6+D6+E6 -> 72 | G6: Specs, PR review, Accela / Shovels / Houston vendor calls
B7: Discovery Agent | C7: 32 | D7: 24 | E7: 40 | F7: =C7+D7+E7 -> 96 | G7: Vendor map, endpoints, portal flow, code amendments per city
B8: Schema Agent | C8: 56 | D8: 0 | E8: 0 | F8: =C8+D8+E8 -> 56 | G8: Internal model + JurisdictionAdapter interface; one-time
B9: Adapter Agent | C9: 96 | D9: 64 | E9: 120 | F9: =C9+D9+E9 -> 280 | G9: Wave 1: Accela. Wave 2: Shovels or eTRAKiT. Wave 3: ILMS portal
B10: Code/Rules Agent | C10: 80 | D10: 32 | E10: 48 | F10: =C10+D10+E10 -> 160 | G10: Wave 1 builds framework + Dallas; later waves add amendments
B11: QA & Smoke Agent | C11: 24 | D11: 16 | E11: 24 | F11: =C11+D11+E11 -> 64 | G11: Per-city smoke tests, Slack alerts, dashboard
B12: Ops Console Agent | C12: 48 | D12: 8 | E12: 12 | F12: =C12+D12+E12 -> 68 | G12: Wave 1 builds admin UI; later waves extend
B13: TOTAL Hours | C13: =SUM(C6:C12) -> 368 | D13: =SUM(D6:D12) -> 160 | E13: =SUM(E6:E12) -> 268 | F13: =SUM(F6:F12) -> 796
